id;name;file_url;created_at;updated_at;deleted;file_for;file_for_id;file_cat
1;nasalize reliable;between;2024-03-03T04:01:19;2024-03-02T14:57:22;true;23570;31599;true
2;causeway nor;boutique um extremely;2024-03-02T10:19:19;2024-03-02T23:08:00;false;14831;8954;false
3;even whenever appendix;carefree incidentally;2024-03-03T06:38:47;2024-03-03T03:34:20;true;11784;27108;false
4;boo;upward both;2024-03-02T09:15:17;2024-03-03T05:06:48;true;28298;29376;false
5;eek opposite;bijou;2024-03-02T11:00:04;2024-03-02T21:15:19;false;30733;23255;false
6;prostanoid sleepily;from;2024-03-02T23:36:21;2024-03-02T12:35:19;false;28904;12088;true
7;east delightfully if;between shrilly yowza;2024-03-02T19:29:19;2024-03-02T07:56:36;true;4422;22816;true
8;brr;impression;2024-03-03T07:15:47;2024-03-02T19:37:28;false;17666;22788;true
9;familiarity burden gosh;complex;2024-03-02T20:55:05;2024-03-02T17:07:13;false;28517;27129;true
10;after off;pro up frivolous;2024-03-02T18:51:00;2024-03-02T16:02:28;false;31325;3614;false
